Feature,Status,size,mean,std,var,Z_factor,SB
gscore_norm,Negative,8.0,-2.445634934304494,0.24076374247753654,0.057967179691789536,0.6183898903518662,-0.1027392664576504
gscore_norm,Positive,8.0,0.2512627391736477,0.10229072981772698,0.01046339340664322,0.6183898903518662,-0.1027392664576504
gscore_norm,Sample,45.0,-9.600345210161423e-16,1.0,1.0000000000000002,0.6183898903518662,-0.1027392664576504
